{"is_source_file": false, "format": "", "description": "", "external_files": [], "external_methods": [], "published": [], "classes": [], "methods": [], "calls": [], "search-terms": [], "state": 2, "file_id": 12, "knowledge_revision": 21, "git_revision": "5ce8765987fd910f5851e2c8eee30e2e875d571b", "hash": "0f090ada9cc6dbce255a088d590d2306", "format-version": 4, "code-base-name": "tic_tac_toe_frontend", "filename": "README.md", "revision_history": [{"21": "5ce8765987fd910f5851e2c8eee30e2e875d571b"}]}