{"is_source_file": true, "format": "JavaScript (React JSX)", "description": "This is the main front-end component for a Tic Tac Toe game built with React. It manages game state, user interactions, and rendering the game board and status messages.", "external_files": ["./App.css"], "external_methods": ["React.useMemo", "React.useState"], "published": ["App"], "classes": [], "methods": [{"name": "calculateWinner(squares)", "description": "Determines if there is a winner in the current game state and returns the winner along with the winning line indices.", "scope": "", "scopeKind": ""}, {"name": "isBoardFull(squares)", "description": "Checks if all squares on the board are filled, indicating a draw if no winner.", "scope": "", "scopeKind": ""}, {"name": "App()", "description": "Main React functional component managing game state, user interactions, and rendering the Tic Tac Toe game UI.", "scope": "", "scopeKind": ""}, {"name": "handleSquareClick(index)", "description": "Handles user clicks on a game square, updates game state, and checks for game end conditions.", "scope": "App", "scopeKind": "function"}, {"name": "handleReset()", "description": "Resets the game state to start a new game.", "scope": "App", "scopeKind": "function"}], "calls": ["calculateWinner(squares)", "isBoardFull(squares)", "useMemo(...)", "useState(...)", "setSquares(...)", "setXIsNext(...)"], "search-terms": ["React", "Tic Tac Toe", "calculateWinner", "useMemo", "useState", "game logic"], "state": 2, "file_id": 9, "knowledge_revision": 26, "git_revision": "5dcc1e7d89ccfcf01011fd7a0440676b2eb7edc8", "revision_history": [{"25": "5dcc1e7d89ccfcf01011fd7a0440676b2eb7edc8"}, {"26": "5dcc1e7d89ccfcf01011fd7a0440676b2eb7edc8"}], "ctags": [{"_type": "tag", "name": "App", "path": "/home/kavia/workspace/code-generation/vibrant-tic-tac-toe-320744-320753/tic_tac_toe_frontend/src/App.js", "pattern": "/^function App() {$/", "language": "JavaScript", "kind": "function", "signature": "()"}, {"_type": "tag", "name": "PLAYER_O", "path": "/home/kavia/workspace/code-generation/vibrant-tic-tac-toe-320744-320753/tic_tac_toe_frontend/src/App.js", "pattern": "/^const PLAYER_O = \"O\";$/", "language": "JavaScript", "kind": "constant"}, {"_type": "tag", "name": "PLAYER_X", "path": "/home/kavia/workspace/code-generation/vibrant-tic-tac-toe-320744-320753/tic_tac_toe_frontend/src/App.js", "pattern": "/^const PLAYER_X = \"X\";$/", "language": "JavaScript", "kind": "constant"}, {"_type": "tag", "name": "calculateWinner", "path": "/home/kavia/workspace/code-generation/vibrant-tic-tac-toe-320744-320753/tic_tac_toe_frontend/src/App.js", "pattern": "/^function calculateWinner(squares) {$/", "language": "JavaScript", "kind": "function", "signature": "(squares)"}, {"_type": "tag", "name": "handleReset", "path": "/home/kavia/workspace/code-generation/vibrant-tic-tac-toe-320744-320753/tic_tac_toe_frontend/src/App.js", "pattern": "/^  function handleReset() {$/", "language": "JavaScript", "kind": "function", "signature": "()", "scope": "App", "scopeKind": "function"}, {"_type": "tag", "name": "handleSquareClick", "path": "/home/kavia/workspace/code-generation/vibrant-tic-tac-toe-320744-320753/tic_tac_toe_frontend/src/App.js", "pattern": "/^  function handleSquareClick(index) {$/", "language": "JavaScript", "kind": "function", "signature": "(index)", "scope": "App", "scopeKind": "function"}, {"_type": "tag", "name": "isBoardFull", "path": "/home/kavia/workspace/code-generation/vibrant-tic-tac-toe-320744-320753/tic_tac_toe_frontend/src/App.js", "pattern": "/^function isBoardFull(squares) {$/", "language": "JavaScript", "kind": "function", "signature": "(squares)"}, {"_type": "tag", "name": "ttt-status ${winner ? \"is-winner\" : \"\"} ${isDraw ? \"is-draw\" : \"\"}", "path": "/home/kavia/workspace/code-generation/vibrant-tic-tac-toe-320744-320753/tic_tac_toe_frontend/src/App.js", "pattern": "/^              className={`ttt-status ${winner ? \"is-winner\" : \"\"} ${isDraw ? \"is-draw\" : \"\"}`}$/", "language": "JavaScript", "kind": "field", "scope": "App.className", "scopeKind": "class"}], "hash": "e748f07be8778d05145a3c26087f903a", "format-version": 4, "code-base-name": "tic_tac_toe_frontend", "filename": "tic_tac_toe_frontend/src/App.js", "fields": [{"name": "className={`ttt-status ${winner ? \"is-winner\" : \"\"} ${isDraw ? \"is-draw\" : \"\"}`}", "scope": "App.className", "scopeKind": "class", "description": "unavailable"}]}