{"is_source_file": true, "format": "JavaScript", "description": "This file sets up testing configurations for a JavaScript project, specifically adding custom matchers for DOM assertions via jest-dom. It imports the '@testing-library/jest-dom' library to extend jest's functionality for testing DOM nodes.", "external_files": ["@testing-library/jest-dom"], "external_methods": [], "published": [], "classes": [], "methods": [], "calls": ["import '@testing-library/jest-dom'"], "search-terms": ["setupTests.js", "jest-dom", "testing-library", "custom matchers", "DOM assertions"], "state": 2, "file_id": 11, "knowledge_revision": 22, "git_revision": "5dcc1e7d89ccfcf01011fd7a0440676b2eb7edc8", "ctags": [], "hash": "1a77571e1a8cf36018a41bcedf60db75", "format-version": 4, "code-base-name": "tic_tac_toe_frontend", "filename": "tic_tac_toe_frontend/src/setupTests.js", "revision_history": [{"22": "5dcc1e7d89ccfcf01011fd7a0440676b2eb7edc8"}]}