{"is_source_file": false, "format": "", "description": "", "external_files": [], "external_methods": [], "published": [], "classes": [], "methods": [], "calls": [], "search-terms": [], "state": 2, "file_id": 2, "knowledge_revision": 18, "git_revision": "5dcc1e7d89ccfcf01011fd7a0440676b2eb7edc8", "hash": "ebece526bc2eadd78ddd787a76c56607", "format-version": 4, "code-base-name": "tic_tac_toe_frontend", "filename": "tic_tac_toe_frontend/README.md", "revision_history": [{"18": "5dcc1e7d89ccfcf01011fd7a0440676b2eb7edc8"}]}