{"is_source_file": false, "format": "JSON", "description": "This file is a manifest.json used in a web project, likely a React app, describing icons, display settings, and theme colors. It is not a source code file.", "external_files": [], "external_methods": [], "published": [], "classes": [], "methods": [], "calls": [], "search-terms": ["manifest.json", "icons", "start_url", "display", "theme_color", "background_color"], "state": 2, "file_id": 4, "knowledge_revision": 20, "git_revision": "5dcc1e7d89ccfcf01011fd7a0440676b2eb7edc8", "hash": "d9d975cebe2ec20b6c652e1e4c12ccf0", "format-version": 4, "code-base-name": "tic_tac_toe_frontend", "filename": "tic_tac_toe_frontend/public/manifest.json", "revision_history": [{"20": "5dcc1e7d89ccfcf01011fd7a0440676b2eb7edc8"}]}