{"is_source_file": true, "format": "JavaScript", "description": "This file is a JavaScript source file, typically used for setting up a React application. It imports necessary modules and initializes rendering of the main App component into the DOM.", "external_files": ["react", "react-dom/client", "./index.css", "./App"], "external_methods": ["ReactDOM.createRoot", "root.render"], "published": [], "classes": [], "methods": [{"name": "ReactDOM.createRoot", "description": "Creates a React root for rendering the React component tree."}, {"name": "root.render", "description": "Renders React components into the DOM node."}], "calls": ["ReactDOM.createRoot", "root.render"], "search-terms": ["React", "ReactDOM", "index.js", "render", "App component", "React.StrictMode"], "state": 2, "file_id": 10, "knowledge_revision": 24, "git_revision": "5dcc1e7d89ccfcf01011fd7a0440676b2eb7edc8", "ctags": [{"_type": "tag", "name": "root", "path": "/home/kavia/workspace/code-generation/vibrant-tic-tac-toe-320744-320753/tic_tac_toe_frontend/src/index.js", "pattern": "/^const root = ReactDOM.createRoot(document.getElementById('root'));$/", "language": "JavaScript", "kind": "constant"}], "hash": "9fc5841375336fc175b49f8767a11383", "format-version": 4, "code-base-name": "tic_tac_toe_frontend", "filename": "tic_tac_toe_frontend/src/index.js", "revision_history": [{"24": "5dcc1e7d89ccfcf01011fd7a0440676b2eb7edc8"}]}