{"is_source_file": false, "format": "", "description": "", "external_files": [], "external_methods": [], "published": [], "classes": [], "methods": [], "calls": [], "search-terms": [], "state": 2, "file_id": 1, "knowledge_revision": 16, "git_revision": "5dcc1e7d89ccfcf01011fd7a0440676b2eb7edc8", "hash": "be6538e7523bc2e9da0743133d784136", "format-version": 4, "code-base-name": "tic_tac_toe_frontend", "filename": "tic_tac_toe_frontend/eslint.config.mjs", "revision_history": [{"16": "5dcc1e7d89ccfcf01011fd7a0440676b2eb7edc8"}]}