{"is_source_file": false, "format": "", "description": "", "external_files": [], "external_methods": [], "published": [], "classes": [], "methods": [], "calls": [], "search-terms": [], "state": 2, "file_id": 5, "knowledge_revision": 14, "git_revision": "5dcc1e7d89ccfcf01011fd7a0440676b2eb7edc8", "hash": "d2b40d02d5f7873d8a6713bad837edd4", "format-version": 4, "code-base-name": "tic_tac_toe_frontend", "filename": "tic_tac_toe_frontend/public/index.html", "revision_history": [{"14": "5dcc1e7d89ccfcf01011fd7a0440676b2eb7edc8"}]}